eixo tematico,titulo do trabalho,palavrachave 1,palavrachave 2,palavrachave 3,palavrachave 4,palavrachave 5
eixo tematico 1  o estudante eou sua aprendizagem no contexto das tdic,1alfabetizacao atraves do ensino remoto emergencial na pandemia de covid19 um estudo de caso,alfabetizacao,ensino  remoto  emergencial,ensino  fundamental,tecnologias  da informacao e comunicacao,nd
eixo tematico 1  o estudante eou sua aprendizagem no contexto das tdic,amemoria sensorial e as mudancascerebraiscom a utilizacao da tdicpara a aprendizagemescolar,memoria,tdic,neurociencia,aprendizagem,nd
eixo tematico 1  o estudante eou sua aprendizagem no contexto das tdic,analise da acessibilidade tecnologica dos estudantes de um instituto federal desafios para implementacao do ensino remoto emergencial,acessibilidade digital,inclusao digital,ensino remoto emergencial,atividades pedagogicas nao presenciais,nd
eixo tematico 1  o estudante eou sua aprendizagem no contexto das tdic,analise de desigualdades educacionais e sociais no contexto pandemico e de cultura digital decorrencias do ensino remoto para jovens do ensino medio publico,ensino medio,ensino remoto,desigualdade educacional,cultura digital,nd
eixo tematico 1  o estudante eou sua aprendizagem no contexto das tdic,analise do desenvolvimento educacional em tempos de pandemia ensino remoto emergencial no ifg itumbiara,desenvolvimento educacional,ensino remoto,periodo pandemico,nd,nd
eixo tematico 1  o estudante eou sua aprendizagem no contexto das tdic,1analise do perfil discente ingressante em 20211na ead da ufrn,caracteristica,estudante,licenciatura,ensino e aprendizagem,nd
eixo tematico 1  o estudante eou saua aprendizagem no contexto das tdic,apontamentos sobre a mediacao pedagogica na cultura digital uma breve revisao de literatura,mediacao pedagogica,cultura digital,formacao de professores,nd,nd
eixo tematico 1  o estudante eou saua aprendizagem no contexto das tdic,aprendizados do ensino remoto emergencial e o retorno ao presencial flexibilizacao e autonomia na formacao de professores,ensino superior,trilha de aprendizagem,sala de aula invertida,feedback,formacao de professores
eixo tematico 1  o estudante eou saua aprendizagem no contexto das tdic,aprendizagem baseada em projetos aplicada na modalidade de educacao de jovens e adultos estrategia motivacional e de transformacao da sociedade,proeja,turismo cientifico,informatica,nd,nd
eixo tematico 1  o estudante eou saua aprendizagem no contexto das tdic,a realizacao do estagio supervisionado na educacao infantil mediado por tecnologias o desafio de ensinar e de aprender no contexto do ensino remoto emergencial,estagio supervisionado,ensino remoto emergencial,educacao infantil,tecnologias,nd
eixo tematico 1  o estudante eou saua aprendizagem no contexto das tdic,a relevancia do letramento digital no percurso do processo de ensino e aprendizagem na pandemia a realidade de minas gerais,letramento digital,ensino e aprendizagem,pandemia,educacao basica,nd
eixo tematico 1  o estudante eou saua aprendizagem no contexto das tdic,as metodologias de ensino e a autonomia do aluno na ead estudo de caso no curso de administracao publica da universidade estadual de ponta grossa,metodologias ativas de aprendizagem,administracao publica,tdics,nd,nd
eixo tematico 1  o estudante eou saua aprendizagem no contexto das tdic,as redes sociais escolhidas por estudantes do ensino medio,redes sociais,estudantes do ensino medio,ingles,nd,nd
eixo tematico 1  o estudante eou saua aprendizagem no contexto das tdic,as tecnologias hipertextuais e a aprendizagem da leitura e da escrita na escola,escola,leitura,escrita,tecnologias hipertextuais,nd
eixo tematico 1  o estudante eou saua aprendizagem no contexto das tdic,a teoria da distancia transacional em discussao ressignificando as perspectivas de tempo e espaco,distancia transacional,estrategias pedagogicocomunicacionais,univesp,ensino a distancia,nd
eixo tematico 1  o estudante eou saua aprendizagem no contexto das tdic,atividades praticas e ensino de biologia no ensino remoto emergencial,ensino remoto emergencia,biologia atividades praticas,nd,nd,nd
eixo tematico 1  o estudante eou saua aprendizagem no contexto das tdic,atualizacao e aprimoramento do website de um grupo de pesquisa,tecnologia  da   informacao,informatica   em   enfermagem,grupos   de pesquisa,nd,nd
eixo tematico 1  o estudante eou saua aprendizagem no contexto das tdic,avaliar para as aprendizagens em contextos digitais potencialidades e desafios no ambito de cursos de graduacao de engenharia,avaliacao,educacao hibrida,cultura digital,ensino de fisica,nd
eixo tematico 1  o estudante eou saua aprendizagem no contexto das tdic,bbc micro bit laptops e tablets uma proposta metodologica hibrida para o ensino da linguagem musical nos anos iniciais do ensino fundamental,perfect piano,tam tam mini,scratch,bbc microbit,cifra melodica
eixo tematico 1  o estudante eou saua aprendizagem no contexto das tdic,como funciona a midia online relato de um publicitario para alunos dos anos iniciais de historia e letras,educacao,comunicacao,midias sociais,publicidade,tecnologias
eixo tematico 1  o estudante eou saua aprendizagem no contexto das tdic,competencias digitais de academicos do curso de pedagogia,competencias digitais,academicos,pedagogia,nd,nd
eixo tematico 1  o estudante eou saua aprendizagem no contexto das tdic,contribuicoes das tecnologias digitais na aprendizagem da quimica organica durante o ensino remoto emergencial,ensino de quimica,tdic,pandemia,nd,nd
eixo tematico 1  o estudante eou saua aprendizagem no contexto das tdic,cultura steam4girls trajetoria das jovens mulheres no ensino fundamental ii,cultura steam,mulheres nas ciencias,nd,nd,nd
mulheres nas ciencias,desenvolvimento de aplicativo mobile para gamificacao do teste de progresso,aprendizagem,gamificacao,este de progresso,educacao medica,nd
eixo tematico 1  o estudante eou saua aprendizagem no contexto das tdic,diagnostico das midias linguagens metodologias e recursos educacionais mais aceitos entre alunos de cursos tecnicos ead concomitantes ao ensino medio do ifro,design educacional,educacao a distancia,ensino hibrido,tecnologias educacionais,nd
eixo tematico 1  o estudante eou saua aprendizagem no contexto das tdic,ecologia da aprendizagem e cultura digital a transcendencia dos espacos instituidos na formacao no ensino superior,ecologia da aprendizagem,cultura digital,processos de aprendizagem,nd,nd
eixo tematico 1  o estudante eou sua aprendizagem no contexto das tdic,ensino de programacao para estudantes de forma remota durante o isolamento social devido a pandemia de covid19,ensino remoto,tecnologias,aprendizagem,ensino,desafios
eixo tematico 1  o estudante eou sua aprendizagem no contexto das tdic,ensino hibrido temas atuais de ciencias,ensino hibrido,podcast de ciencias,aprendizagem,nd,nd
eixo tematico 1  o estudante eou sua aprendizagem no contexto das tdic,ensino remoto no curso de pedagogia percepcoes dos discentes sobre a formacao
ensino remoto,formacao,percepcao,discente
eixo tematico 1  o estudante eou sua aprendizagem no contexto das tdic,experimentacao de ferramentas digitais de autoria como recursos para educacao profissional relato de experiencia,educacao,tecnologia,digital,nd,nd
eixo tematico 1  o estudante eou sua aprendizagem no contexto das tdic,formacao de professores na educacao a distancia as narrativas dos egressos do curso de pedagogia,formacao de professores,pesquisa narrativa,egressos de pedagogia a distancia,nd,nd
eixo tematico 1  o estudante eou sua aprendizagem no contexto das tdic,formacao de professores no ensino remoto emergencial desafios limitacoes e possibilidades,formacao  de professores,ensino  remoto  emergencial,qualidade  na  educacaosuperior,nd,nd
eixo tematico 1  o estudante eou sua aprendizagem no contexto das tdic,humanizacao das relacoes e dos espacos virtuais no ensino remoto uma experiencia com estudantes de pedagogia,ensino remoto emergencial,tdic,humanizacao,nd,nd
eixo tematico 1  o estudante eou sua aprendizagem no contexto das tdic,jogos didaticos eletronicos e funcoes executivas em escolares reescritura de uma metaavaliacao
metaavaliacao,avaliacao de tecnologia da informacao e comunicacao,nd,nd
eixo tematico 1  o estudante eou sua aprendizagem no contexto das tdic,marcas verbais e naoverbais de motivacao e engajamento em atividade com objeto de leitura gamificado,objeto de leitura gamificado,motivacao e engajamento,prendizagem de leitura,nd,nd
eixo tematico 1  o estudante eou sua aprendizagem no contexto das tdic,minecraft e organizacao espacial a partir da imigracao no brasil,metaverso,ensino fundamental,ciencia humanas,nd,nd
eixo tematico 1  o estudante eou sua aprendizagem no contexto das tdic,modelo pedagogico para construcao de competencias digitais de alunos na educacao a distancia,competencias digitais,educacao a distancia,alunos,modelo pedagogico,nd
eixo tematico 1  o estudante eou sua aprendizagem no contexto das tdic,multiletramentos web 20 e pbl uma contribuicao ao processo de alfabetizacao cientifica em geografia,multiletramentos,alfabetizacao cientifica,ensino de geografia,aprendizagem baseada na resolucao de problemas,web 20
eixo tematico 1  o estudante eou sua aprendizagem no contexto das tdic,nada sera como antes a reinvencao do ensino superior na era da virtualidade  apontamentos a partir de constatacoes empiricas,universidade,virtualidade,ensino,tecnologia,nd
eixo tematico 1  o estudante eou sua aprendizagem no contexto das tdic,objeto de leitura gamificado para alunos do 6 ano do ensino fundamental,gamificacao,objeto de leitura gamificado,aprendizagem de leitura,nd,nd
eixo tematico 1  o estudante eou sua aprendizagem no contexto das tdic,o ensino hibrido no ensino de biologia demandas e propostas no seculo xxi breve revisao bibliografica
ensino hibrido,metodologias ativas,nd,nd
eixo tematico 1  o estudante eou sua aprendizagem no contexto das tdic,o ensino remoto emergencial no colegio de aplicacao da universidade federal de roraimadesafios da educacao basica,tdics,colegio de aplicacao,ensino remoto emergencial,pandemia,nd
eixo tematico 1  o estudante eou sua aprendizagem no contexto das tdic,o professor de matematica e o estudo de fracao entendendo a equivalencia para somar e subtrair,fracao  equivalente,tecnologias,ensino hibrido,aprendizagem,resolucao  de problemas
eixo tematico 1  o estudante eou sua aprendizagem no contexto das tdic,orientacao educacional reinvencao em tempos de pandemia,orientador educacional,tecnologias,covid19,nd,nd
eixo tematico 1  o estudante eou sua aprendizagem no contexto das tdic,orientador educacional alternativas em tempos de pandemia,orientacao educacional,tecnologias,pandemia,nd,nd
eixo tematico 1  o estudante eou sua aprendizagem no contexto das tdic,o desafio da educacao digital no contexto pandemico relatos da universidade estadual de ponta grossa,educacao digital,tecnologia,pandemia,ensino remoto,ead
eixo tematico 1  o estudante eou sua aprendizagem no contexto das tdic,os desafios da escola para a promocao da inclusao digital uma breve revisao de literatura,inclusao digital,educacao e tecnologias,letramento digital,nd,nd
eixo tematico 1  o estudante eou sua aprendizagem no contexto das tdic,os desafios do atendimento educacional especializado aee em tempos de pandemia do covid19 no municipio de uberlandiamg,atendimento   educacional   especializado,tecnologias digitais da informacao e comunicacao,transtorno do espectro do autismo,nd,nd
eixo tematico 1  o estudante eou sua aprendizagem no contexto das tdic,o uso da internet na autorregulacao da aprendizagem de instrumentos musicais um estudo de caso,musica,autorregulacao,aprendizagem,estrategia,banda escolar
eixo tematico 1  o estudante eou sua aprendizagem no contexto das tdic,o uso de historia em quadrinhos como recurso pedagogico para a sistematizacao dos conhecimentos no ensino hibrido
alimentos organicos,eletiva,nd,nd
eixo tematico 1  o estudante eou sua aprendizagem no contexto das tdic,pandemia e ensino remoto a defasagem na aprendizagem de matematica no ensino medio,ensino remoto,tecnologia   digital de informacao e comunicacao tdic,aprendizagem em matematica,educacao basica,covid19
eixo tematico 1  o estudante eou sua aprendizagem no contexto das tdic,protagonismo discente e as tdics resiliencia em uma experiencia academica,discente,ensino superior,protagonismo,tdics,nd
eixo tematico 1  o estudante eou sua aprendizagem no contexto das tdic,retorno as atividades presencias na rede estadual de sao paulo desafios e perspectivas em tempos de pospandemia,avaliacao,educacao basica,saresp,tdic,nd
eixo tematico 1  o estudante eou sua aprendizagem no contexto das tdic,revista digital e o protagonismo do estudante uma construcao critica coletiva e criativa,tecnologia educacional,revista digital,cultura digital,protagonismo do estudante,nd
eixo tematico 1  o estudante eou sua aprendizagem no contexto das tdic,rubrica uma ferramenta para a avaliacao formativa,rubricas,avaliacao formativa,ensino superior em saude,nd,nd
eixo tematico 1  o estudante eou sua aprendizagem no contexto das tdic,steam education caracteristicas e reflexoes acerca de uma proposta educacional ativa e interdisciplinar,steam,metodologias ativas,ensino,nd,nd
eixo tematico 1  o estudante eou sua aprendizagem no contexto das tdic,tecnologias digitais em aulas de artes visuais da educacao basica sob a perspectiva de estudantes de pedagogia,tecnologias digitais,educacao basica,artes visuais,nd,nd
eixo tematico 1  o estudante eou sua aprendizagem no contexto das tdic,tecnologias digitais na aprendizagem de lingua inglesa,tdic,professores de ingles,aprendizagem emingles,ufpa,nd
eixo tematico 1  o estudante eou sua aprendizagem no contexto das tdic,tdic e ensino remoto nuances da educacao durante a pandemia da covid19,ensino e aprendizagem,tecnologia,aulasnaopresenciais,nd,nd
eixo tematico 1  o estudante eou sua aprendizagem no contexto das tdic,um curso de precalculo em plataformas digitais na transicao para estudo universitario na area de ciencias exatas em tempos de pandemia,precalculo,ensino a distancia,transicao terciaria,covid19,nd
eixo tematico 1  o estudante eou sua aprendizagem no contexto das tdic,acessibilidade cidadania e educacao de surdos reflexoes acerca dos recursos digitais em uma perspectiva da midiaeducacao,surdez,tecnologia,inclusao,acessibilidade,midiaeducacao
eixo tematico 1  o estudante eou sua aprendizagem no contexto das tdic,a inclusao das tdic por meio da utilizacao de smartphone na aprendizagem da lingua inglesa na educacao de jovens e adultos eja  ensino fundamental,smartphone,lingua inglesa li,educacao de jovens e adultos eja,tecnologia digital de informacao e comunicacao tdic,aprendizagem
eixo tematico 1  o estudante eou sua aprendizagem no contexto das tdic,a gamificacao do ensino e a implementacao dos jogos eletronicos como recuso pedagogico uma possivel resposta as demandas da geracao alpha,educacao 40,gamificacao,geracao alpha,jogos eletronicos,nd
eixo tematico 2  o professor a docencia e as suas praticas pedagogicas no contexto das tdic,a bncc a avaliacao das aprendizagens e as tecnologias digitais no ensino medio,ensino medio,avaliacao educacional,avaliacao formativa,ncc,tdic
eixo tematico 2  o professor a docencia e as suas praticas pedagogicas no contexto das tdic,a construcao de uma base teorica para os professores do centro de midias do amazonas,desenvolvimento profissional docente,centro de midias,amazonas,nd,nd
eixo tematico 2  o professor a docencia e as suas praticas pedagogicas no contexto das tdic,a educacao no pospandemia de covid 19 uma pratica hibrida um relato de experiencia na rede estadual de educacao da bahia,ensino remoto,praticas hibridas de ensino,pospandemia,nd,nd
eixo tematico 2  o professor a docencia e as suas praticas pedagogicas no contexto das tdic,a importancia da formacao continuada de professores sobre o uso de recursos tecnologicos no ensino presencial e hibrido,tdics,formacao continuada de professores,ensino remoto,nd,nd
eixo tematico 2  o professor a docencia e as suas praticas pedagogicas no contexto das tdic,analise da concepcao de professores sobre as politicas publicas de inclusao da modalidade de ead na educacao basica,ead,educacao basica,professores,nd,nd
eixo tematico 2  o professor a docencia e as suas praticas pedagogicas no contexto das tdic,analise do software sigeduca sistema integrado de gestao educacional da seduc mt na perspectiva do educador,formacao de professores,sistema de informacao,seduc,nd,nd
eixo tematico 2  o professor a docencia e as suas praticas pedagogicas no contexto das tdic,a olimpiada brasileira de saude e meio ambiente e a formacao de professores reflexoes sobre as oficinas pedagogicas e suas perspectivas,formacao de professores,olimpiadas cientificas,ensinode ciencias,nd,nd
eixo tematico 2  o professor a docencia e as suas praticas pedagogicas no contexto das tdic,a percepcao dos docentes sobre a implementacao do ensino a distancia ead em angola o caso da universidade agostinho neto,ensino a distancia,formacao docente,instituicao de ensino superior,nd,nd
eixo tematico 2  o professor a docencia e as suas praticas pedagogicas no contexto das tdic,aprendizagem da docencia na pandemia tecnologias no exercicio da profissao,professores iniciantes,ensino remoto emergencial,formacao de professores,conhecimento tecnologico e pedagogico do conteudo,nd
eixo tematico 2  o professor a docencia e as suas praticas pedagogicas no contexto das tdic,aprendizagem de informatica em curso tecnico no ensino remoto emergencial,ensino remoto emergencial,ensino remoto e ensino a distancia,tecnologias digitais da informacao e comunicacao,nd,nd
eixo tematico 2  o professor a docencia e as suas praticas pedagogicas no contexto das tdic,aprendizagem invertida aplicada a formacao continuada de professores relato de uma experiencia



formacao de professores,aprendizagem invertida,nd,nd
eixo tematico 2  o professor a docencia e as suas praticas pedagogicas no contexto das tdic,a robotica livre para bem criar passarinhos e a discussao com o curriculo prescrito onde colocar as asas da nossa alma,robotica educacional,narrativa,curriculo de tecnologia,nd,nd
eixo tematico 2  o professor a docencia e as suas praticas pedagogicas no contexto das tdic,a sala de aula invertida relato de uma pratica pedagogica de estagio no contexto pandemico para a educacao disruptiva,ensino,metodologias ativas,pratica pedagogica,sala de aula invertida,nd
eixo tematico 2  o professor a docencia e as suas praticas pedagogicas no contexto das tdic,a sala de aula para alem dos muros a metodologia do ensino hibrido reinventando o quadro e o giz,educacao escolar,sala de aula virtual,ensino remoto e ensino hibrido,nd,nd
eixo tematico 2  o professor a docencia e as suas praticas pedagogicas no contexto das tdic,as praticas corporais no curso de educacao fisica presencial e a distancia











educacao fisica,praticas corporais,a distancia,nd
eixo tematico 2  o professor a docencia e as suas praticas pedagogicas no contexto das tdic,as representacoes de insurgencias em um curso de capacitacao docente para o ensino remoto











insurgencias,ensino remoto emergencial,educacao a distancia,nd
eixo tematico 2  o professor a docencia e as suas praticas pedagogicas no contexto das tdic,as vozes do ensino remoto abrindo caminhos para o ensino hibrido,educacao,ensino remoto,ensino hibrido,nd,nd
eixo tematico 2  o professor a docencia e as suas praticas pedagogicas no contexto das tdic,a tecnologia e a pesquisa em formacao e acao nas escolas publicas do distrito federal,tecnologia digital,formacao de professores,audiovisual,educacao basica,educacao a distancia
eixo tematico 2  o professor a docencia e as suas praticas pedagogicas no contexto das tdic,atitudes e medidas adequadas para prevencao de doencas provocadas por bacterias virus e protozoarios desenvolvendo habitos saudaveis para resiliencia equidade e sustentabilidade,microbiologia,ensino,tecnologia,jogos,nd
eixo tematico 2  o professor a docencia e as suas praticas pedagogicas no contexto das tdic,autoavaliacao das competencias digitais dos professores da educacao basica em tempos de pandemia,formacao de professores,competencias digitais,educacao basica,covid19,nd
eixo tematico 2  o professor a docencia e as suas praticas pedagogicas no contexto das tdic,autorreflexao das competencias digitais para os professores da educacao basica a proposta o modelo selfie for teachers,competencias digitais,professores,selfie for teachers,educacao basica,tdic
eixo tematico 2  o professor a docencia e as suas praticas pedagogicas no contexto das tdic,avaliacao de uma unidade curricular no ensino remoto emergencial ere o olhar discente do curso de pedagogia








ensino remoto emergencial,avaliacao,nd,nd
eixo tematico 2  o professor a docencia e as suas praticas pedagogicas no contexto das tdic,avaliacao do programa de estagio em pedagogia na escola nacional de saude publica,avaliacao de estagio,processo pedagogico,tecnologias educacionais,nd,nd
eixo tematico 2  o professor a docencia e as suas praticas pedagogicas no contexto das tdic,bitmoji em praticas de ensino reflexoes criticas para o uso das tdics na educacao basica,bitmoji,ferramentas digitais,praticas de ensino,nd,nd
eixo tematico 2  o professor a docencia e as suas praticas pedagogicas no contexto das tdic,como avaliar em tempos de epidemia o estudo de caso de sucesso do projeto integrador do curso de empreendedorismo e inovacao nas engenharias da primeira versao do curso  20202021,processo avaliativo,engenharia,projeto integrador,pandemia,nd
eixo tematico 2  o professor a docencia e as suas praticas pedagogicas no contexto das tdic,como docentes da rede publica municipal estadual e federal utilizaram a sala de aula do google meet no ensino remoto,google meet,relato de experiencia,pandemia,ensino remoto,docencia
eixo tematico 2  o professor a docencia e as suas praticas pedagogicas no contexto das tdic,contratempo pandemico e a participacao dos alunos no ensino remoto a percepcao docente acerca da tematica,tdic,ensino remoto,frequencia escolar,educacao basica,nd
eixo tematico 2  o professor a docencia e as suas praticas pedagogicas no contexto das tdic,compartilhamento de saberes e experiencias durante curso para o uso de recursos tecnologicos na educacao,tecnologia educacional,recurso tecnologico,formacao continuada,nd,nd
eixo tematico 2  o professor a docencia e as suas praticas pedagogicas no contexto das tdic,contribuicoes do programa hibrido de mentoria phm para a aprendizagem da docencia de professoras iniciantes,aprendizagem da docencia,professor iniciante,mentoria,nd,nd
eixo tematico 2  o professor a docencia e as suas praticas pedagogicas no contexto das tdic,contribuicoes e desafios sobre as tecnologias educacionais da informacao e comunicacao tdic e a formacao docente revisao de literatura









revisao de literatura,tecnologias digitais,nd,nd
eixo tematico 2  o professor a docencia e as suas praticas pedagogicas no contexto das tdic,cultura digital pandemia e educacao implicacoes para o fazer pedagogico na educacao profissional






cultura digital,educacao,fazer pedagogico,educacao profissional
eixo tematico 2  o professor a docencia e as suas praticas pedagogicas no contexto das tdic,cultura digital resignificando metodologias de ensino,comunicacao,cultura digital,educacao,tecnologia,nd
eixo tematico 2  o professor a docencia e as suas praticas pedagogicas no contexto das tdic,da aprendizagem ao processo para uma reflexao critica sobre processos educativos hibridos no contexto da enspfiocruz,processos educativos hibridos,formacao docente,avaliacao,nd,nd
eixo tematico 2  o professor a docencia e as suas praticas pedagogicas no contexto das tdic,de docente a discente na cibercultura experiencias de aprovacoes no mestrado em meio a pandemia de covid19,discentesdocentes,cibercultura,pandemia,periferia,nd
eixo tematico 2  o professor a docencia e as suas praticas pedagogicas no contexto das tdic,deformacao por competencias tensionamentos para uma transformacao emancipatoria







pedagogia das competencias,formacao docente,racionalidade tecnologica instrumental,nd
eixo tematico 2  o professor a docencia e as suas praticas pedagogicas no contexto das tdic,desafios na pandemia o uso de tecnologia de informacao e comunicacao na pratica docente,educacao,docente,tecnologia,nd,nd
eixo tematico 2  o professor a docencia e as suas praticas pedagogicas no contexto das tdic,desafios para a realizacao do estagio supervisionado no curso de ciencias biologicas do centro de ensino e aprendizagem em rede da universidade estadual de goias frente a pandemia da covid19,estagio supervisionado,atividades remotas,formacao academica,nd,nd
eixo tematico 2  o professor a docencia e as suas praticas pedagogicas no contexto das tdic,desafios percepcoes e vivencias de uma docente na pandemia whatsapp como recurso tecnologico na graduacao,tecnologia de comunicacao,perguntas,aprendizagem,nd,nd
eixo tematico 2  o professor a docencia e as suas praticas pedagogicas no contexto das tdic,design de colaboracao como ampliar experiencia de atividades colaborativas em ambientes virtuais de aprendizagem,atividade colaborativa,design de colaboracao,abordagens do design,modelo addie,nd
eixo tematico 2  o professor a docencia e as suas praticas pedagogicas no contexto das tdic,dificuldades de aprendizagem reveladas em textos e o enfrentamento docente diante dessas dificuldades,reescrita,docencia,anos finais do ensino fundamental,dissertativo argumentativo,enem
eixo tematico 2  o professor a docencia e as suas praticas pedagogicas no contexto das tdic,diversao e diversidade com o aplicativo jogo da onca,jogo da onca,lei 11645,cultura indigena,nd,nd
eixo tematico 2  o professor a docencia e as suas praticas pedagogicas no contexto das tdic,docencia em tempos de educacao digital o que podemos aprender com o designer educacional











educacao 40 design educacional,modelo addie,nd,nd
eixo tematico 2  o professor a docencia e as suas praticas pedagogicas no contexto das tdic,docentes paraguayos ante los desafios de la ensenanza remota durante la pandemia del covid19,covid19,educacao a distancia,professores,experiencias,nd
eixo tematico 2  o professor a docencia e as suas praticas pedagogicas no contexto das tdic,educacao a distancia e blendedlearning possibilidades e desafios na construcao de designs curriculares no contexto da cultura digital












curriculo,design curricular,blendedlearning,cultura digital
eixo tematico 2  o professor a docencia e as suas praticas pedagogicas no contexto das tdic,educacao a distancia nas etsus um olhar sobre a capacitacao pedagogica dos professorestutores,capacitacao de professores,educacao a distancia,etsus,nd,nd
eixo tematico 2  o professor a docencia e as suas praticas pedagogicas no contexto das tdic,educacao e tecnologia e o fator humano











cultura escolarizante,ensino hibrido,nd,nd
eixo tematico 2  o professor a docencia e as suas praticas pedagogicas no contexto das tdic,efeitos da pandemia no ensino de odontologia praticas pedagogicas mediadas por tecnologias digitais como forma de superacao dos desafios,ensino superior,odontologia,pandemia,educacao hibrida,nd
eixo tematico 2  o professor a docencia e as suas praticas pedagogicas no contexto das tdic,ensino hibrido e os desafios das aulas sincronas,ensino hibrido,tdic,aulas sincronas,ensino superior,nd
eixo tematico 2  o professor a docencia e as suas praticas pedagogicas no contexto das tdic,ensino para a criatividade como pratica pedagogica no ambiente escolar













ensino para a criatividade,internacionalidade,pensamento criativo,nd
eixo tematico 2  o professor a docencia e as suas praticas pedagogicas no contexto das tdic,epistemologia reflexiva da pratica docente em tempos de ineditismo possivel,reflexao,epistemologia,pratica docente,nd,nd
eixo tematico 2  o professor a docencia e as suas praticas pedagogicas no contexto das tdic,estagio de docencia em tempos de pandemia  um relato de experiencia,ensino superior,ensino remoto,formacao inicial,tecnologias digitais,nd
eixo tematico 2  o professor a docencia e as suas praticas pedagogicas no contexto das tdic,estagio supervisionado de cursos de licenciaturas no formato de ensino online emergencial no contexto da covid19,estagio supervisionado,covid19,ensino online emergencial,nd,nd
eixo tematico 2  o professor a docencia e as suas praticas pedagogicas no contexto das tdic,estrategia para formacao continuada de professores que contribue para incorporacao de tecnologias de informacao e comunicacao na pratica pedagogica,formacao continuada,ferramentas digitais,ensino superior,nd,nd
eixo tematico 2  o professor a docencia e as suas praticas pedagogicas no contexto das tdic,experiencia de estagio supervisionado em museus virtuais,museus virtuais,educacao a distancia,ensino de historia,estagio supervisionado,nd
eixo tematico 2  o professor a docencia e as suas praticas pedagogicas no contexto das tdic,experiencia formativa de ensino nao presencial no ambito do programa de apoio preuniversitario,ensino nao presencia,cursinho popular,acesso ao ensino superior,nd,nd
eixo tematico 2  o professor a docencia e as suas praticas pedagogicas no contexto das tdic,experiencias formativas e acoes realizadas durante o ensino remoto para promover a contrucao de conhecimentos tecnologicos e pedagogicos do conteudo,tpack,docencia virtual,tdic,profissionalizacao docente,nd
eixo tematico 2  o professor a docencia e as suas praticas pedagogicas no contexto das tdic,design thinking e formacao de professores no uso das tecnologias digitais,design thinking,teacher training,digital technologies,nd,nd
eixo tematico 2  o professor a docencia e as suas praticas pedagogicas no contexto das tdic,ferramenta de avaliacao por rubrica no google classroom desenvolvendo competencias digitais por meio de uma oficina pedagogica para licenciandos em quimica,avaliacao formativa,tecnologias educacionais,competencias digitais,nd,nd
eixo tematico 2  o professor a docencia e as suas praticas pedagogicas no contexto das tdic,figuras figuras geometricas planas e espaciais uma investigacao acerca das concepcoes de futuros professores e professores que ensinam matematica,figura,figuras geometricas,tecnologias digitais de informacao e comunicacao,nd,nd
eixo tematico 2  o professor a docencia e as suas praticas pedagogicas no contexto das tdic,formacao continuada de professores em educacao ambiental caminhos pedagogicos das atividades formativas online,formacao continuada de professores,educacao ambiental,educacao basica,revisao sistematica,metodologias de ensino
eixo tematico 2  o professor a docencia e as suas praticas pedagogicas no contexto das tdic,formacao continuada de professores na educacao infantil possibilidades e fragilidades em contexto de formacao remota,educacao infantil,formacao continuada,ensino remoto,pandemia,nd
eixo tematico 2  o professor a docencia e as suas praticas pedagogicas no contexto das tdic,formacao de professores de quimica em tecnologias digitais da informacao e da comunicacao tdic desafios da contemporaneidade










formacao de professores,tdic,nd,nd
eixo tematico 2  o professor a docencia e as suas praticas pedagogicas no contexto das tdic,formacao de professores e tecnologias uma revisao de literatura,formacao de professores,tecnologias digitais,curso de pedagogia,pospandemia,nd
eixo tematico 2  o professor a docencia e as suas praticas pedagogicas no contexto das tdic,formacao de professores para a inovacao em educacao dimensoes alem de aplicativos e dispositivos,inovacao,tecnologias digitais,formacao de professores,nd,nd
eixo tematico 2  o professor a docencia e as suas praticas pedagogicas no contexto das tdic,formacao docente em tecnologias digitais de informacao e comunicacao estudo de caso na educacao publica de barueri no contexto da pandemia da covid19,formacao de professores,tpack,tdic,professor reflexivo,nd
eixo tematico 2  o professor a docencia e as suas praticas pedagogicas no contexto das tdic,implantacao do ensino remoto emergencial implicacoes para a educacao infantil,educacao infantil,ensino remoto emergencial,praticas pedagogicas,nd,nd
eixo tematico 2  o professor a docencia e as suas praticas pedagogicas no contexto das tdic,inovacao e a integracao de tecnologias digitais na formacao docente inicial

inovacao educacional,tecnologias da informacao e da comunicacao,percepcao discente,nd
eixo tematico 2  o professor a docencia e as suas praticas pedagogicas no contexto das tdic,juri simulado na educacao a distancia relato de experiencia no curso de pedagogia














educacao a distancia,pedagogia,nd,nd
eixo tematico 2  o professor a docencia e as suas praticas pedagogicas no contexto das tdic,letramento digital no curso de pedagogia extrato durante o estagio supervisionado remoto,digital literacy,remote teaching,dict,nd,nd
eixo tematico 2  o professor a docencia e as suas praticas pedagogicas no contexto das tdic,licenciaturas a distancia e pratica docente  o que nos dizem os professores,formacao docente,pratica docente,tecnologias digitais,nd,nd
eixo tematico 2  o professor a docencia e as suas praticas pedagogicas no contexto das tdic,lstyle uma ferramenta para identificar estilos de aprendizagem no ensino superior,estilos de aprendizagem,modelo de kolb,aplicacao web,nd,nd
eixo tematico 2  o professor a docencia e as suas praticas pedagogicas no contexto das tdic,luz camera acao tecnologias digitais no cotidiano do estudante,tdics,formacao docente,praticapedagogicahibrida,nd,nd
eixo tematico 2  o professor a docencia e as suas praticas pedagogicas no contexto das tdic,mediacao docente diferenciada em ambiente virtual em busca do engajamento perdido,engajamento,ensino hibrido,formacao docente,mediacao docente diferenciada,aprendizagem virtual
eixo tematico 2  o professor a docencia e as suas praticas pedagogicas no contexto das tdic,metodologias ativas e criativas para aulas sincronas na ead relato de experiencia de uma formacao pedagogica,metodologias ativas e criativas,educacao a distancia,formacao pedagogica,nd,nd
eixo tematico 2  o professor a docencia e as suas praticas pedagogicas no contexto das tdic,metodos ativos para o ensino de estatistica durante a pandemia covid19 o diario semana de aprendizagem,metodologias ativas,ensino superior,nsino remoto,covid19,nd
eixo tematico 2  o professor a docencia e as suas praticas pedagogicas no contexto das tdic,modelo digital de formacao docente promovendo praticas de multiletramentos e tecnologias digitais,formacao continuada,tecnologias digitais,multiletramentos,nd,nd
eixo tematico 2  o professor a docencia e as suas praticas pedagogicas no contexto das tdic,modelos pedagogicos baseados na recomendacao de conteudo para apoio a producao textual no ensino superior












modelo pedagogico,sistema de recomendacao,nd,nd
eixo tematico 2  o professor a docencia e as suas praticas pedagogicas no contexto das tdic,motivacao e autoeficacia no ensino online de violao para idosos,idosos,ensino coletivo de violao,tecnologia digital,nd,nd
eixo tematico 2  o professor a docencia e as suas praticas pedagogicas no contexto das tdic,narrativas digitais como possibilidade de construcao de saberes na educacao a distancia a nova arte de contar historias,narrativas digitais,tecnologias digitais,educacao a distancia,formacao docente,nd
eixo tematico 2  o professor a docencia e as suas praticas pedagogicas no contexto das tdic,nivel de proficiencia digital docente a partir do quadro europeu de competencia digital para educadores,competencia digital,tdic,digicompedu,ensino superior tecnologico,nd
eixo tematico 2  o professor a docencia e as suas praticas pedagogicas no contexto das tdic,o ensino de fisica durante as aulas remotas,ensino remoto,covid19,professores de ciencias,adaptacao,nd
eixo tematico 2  o professor a docencia e as suas praticas pedagogicas no contexto das tdic,o ensino hibrido como metodologia ativa para o reforco do ensino da leitura na educacao basica  fundamental ii e ensino medio,pratica da leitura,ensino hibrido,metodologia ativa,tecnologia da informacao e comunicacao,transposicao didatica
eixo tematico 2  o professor a docencia e as suas praticas pedagogicas no contexto das tdic,o ensino remoto emergencial dramaticas de uso de si do professor









atividade docente,ensino remoto emergencial,dramaticas de uso de si,nd
eixo tematico 2  o professor a docencia e as suas praticas pedagogicas no contexto das tdic,oferta de disciplinas de teclado na licenciatura em musica da ufscar durante a pandemia de covid19
ensino de instrumentos de teclado,licenciatura em musica,ambiente virtual de aprendizagem ava,nd
eixo tematico 2  o professor a docencia e as suas praticas pedagogicas no contexto das tdic,o estagio supervisonado no curso de pedagogia desafios e possibilidades em contexto de pandemia,pandemia,estagio nao presencia,atuacao docente,experiencias formativas,nd
eixo tematico 2  o professor a docencia e as suas praticas pedagogicas no contexto das tdic,oficina para professores de criacao de objetos de aprendizagem  relato de experiencia,ensino,objetos de aprendizagem,professores,nd,nd
eixo tematico 2  o professor a docencia e as suas praticas pedagogicas no contexto das tdic,oficinas brincadeiras musicais a formacao docente em musica nos tempos de pandemia,formacao docente,ensino musical escolar,ensino remoto,pandemia de covid19,nd
eixo tematico 2  o professor a docencia e as suas praticas pedagogicas no contexto das tdic,o percurso formativo dos professores da rede municipal de balsas para implantacao do ensino hibrido na educacao basica
educacao hibrida,formacao de professores,nd,nd
eixo tematico 2  o professor a docencia e as suas praticas pedagogicas no contexto das tdic,o uso de tecnologias por professores estudo de caso em uma escola,tecnologia,pratica docente,nativos digitais,nd,nd
eixo tematico 2  o professor a docencia e as suas praticas pedagogicas no contexto das tdic,os desafios da educacao infantil diante da pandemia de covid19 e do ensino remotohibrido,educacao infantil,normativas,covid19,ensino hibrido,nd
eixo tematico 2  o professor a docencia e as suas praticas pedagogicas no contexto das tdic,o trabalho docente mediado pelas tecnologias digitais na formacao inicial de professores uma visao critica,tecnologia,educacao,trabalho docente,nd,nd
eixo tematico 2  o professor a docencia e as suas praticas pedagogicas no contexto das tdic,pensamento computacional na formacao de professores de ciencias do ensino fundamental








formacao de professores,ensino de ciencias,nd,nd
eixo tematico 2  o professor a docencia e as suas praticas pedagogicas no contexto das tdic,pensando uma comunidade de dialogo pratica e teorizacao acerca da experimentacao em ciencias com o auxilio dos rea a partir dos diagramas rda,desenho didatico,indagacao online,praticas pedagogicas,pesquisaformacao,nd
eixo tematico 2  o professor a docencia e as suas praticas pedagogicas no contexto das tdic,percepcoes de professores do ensino fundamental sobre o uso das tecnologias de comunicacao e informacao tics durante a pandemia do coronavirus,ensinoaprendizagem,professores,tecnologia,nd,nd
eixo tematico 2  o professor a docencia e as suas praticas pedagogicas no contexto das tdic,percurso de formacao docente para atuar na ead,formacao de professores,planejamento,pratica docente,nd,nd
eixo tematico 2  o professor a docencia e as suas praticas pedagogicas no contexto das tdic,plataformizacao docente uma investigacao sobre o trabalho docente mediado pelas tecnologias na pandemia covid19












inovacao pedagogica,plataformizacao,pandemia covid19,nd
eixo tematico 2  o professor a docencia e as suas praticas pedagogicas no contexto das tdic,politicas publicas cursos emergenciais de capacitacao e desenvolvimento de fluencia tecnologicopedagogica ftp o caso de cachoeira do sulrs,formacao continuada de professores,fluencia tecnologicopedagogica,covid19,nd,nd
eixo tematico 2  o professor a docencia e as suas praticas pedagogicas no contexto das tdic,portfolios de aprendizagem um estudo a partir da presenca de estudantes e tutor na educacao a distancia,educacao a distancia,presencas na ead,portfolios de aprendizagens,nd,nd
eixo tematico 2  o professor a docencia e as suas praticas pedagogicas no contexto das tdic,praticas pedagogicas e as tecnologias digitais de informacao e comunicacao no ensino remoto emergencial relato de experiencia de uma professora no ensino superior
tdic,praticas pedagogicas,interacoes discursivas,nd
eixo tematico 2  o professor a docencia e as suas praticas pedagogicas no contexto das tdic,programa de desenvolvimento de conhecimentos pedagogicos e tecnologicos de professores da educacao basica,formacao continuada de professores,tecnologias de informacao e comunicacao,conhecimentos pedagogicos e tecnologicos,,nd
eixo tematico 2  o professor a docencia e as suas praticas pedagogicas no contexto das tdic,programa residencia pedagogica o uso das tecnologias digitais de ensino durante o periodo de aulas remotas pelos residentes de informatica do instituto federal do piauicampus teresina zona sul,formacao de professores,programa residencia pedagogica,tecnologias digitais de ensino,nd,nd
eixo tematico 2  o professor a docencia e as suas praticas pedagogicas no contexto das tdic,programa temas emergentes e ensino hibrido para educacao basica acoes educacionais no contexto do ensino remoto emergencial,ensino hibrido,formacao de professores,educacao basica,nd,nd
eixo tematico 2  o professor a docencia e as suas praticas pedagogicas no contexto das tdic,projeto de apoio a tecnologia e inovacao da rede educacao do estado de sao paulo experiencias de professores a partir da docencia,trabalho docente,tecnologia,formacao de professores,precarizacao do trabalho docente,nd
eixo tematico 2  o professor a docencia e as suas praticas pedagogicas no contexto das tdic,propostas de aprendizagem sala de aula invertida um breve historico de primeiras inversoes a exemplos atuais,ensino,aprendizagem,aprendizagem invertida,sala de aula invertida,nd
eixo tematico 2  o professor a docencia e as suas praticas pedagogicas no contexto das tdic,protocolo para gestao de praticas pedagogicas em ambiente virtual de aprendizagem ava na educacao superior,ensino superior,pratica pedagogica,ambiente virtual de aprendizagem,percepcao de professores,percepcao de estudantes
eixo tematico 2  o professor a docencia e as suas praticas pedagogicas no contexto das tdic,reflexoes interdisciplinares durante a pandemia da covid19 ciclo de palestras online educacao do campo em debate
covid19,curso online,sujeitos do campo,nd
eixo tematico 2  o professor a docencia e as suas praticas pedagogicas no contexto das tdic,reflexoes sobre jogos digitais no processo de ensino e aprendizagem wordwall e percepcao docente,jogos digitais,wordwall,ensino e aprendizagem,percepcao docente,nd
eixo tematico 2  o professor a docencia e as suas praticas pedagogicas no contexto das tdic,reflexoes sobre mediacao pedagogica uso das tecnologias da informacao e comunicacao e a educacao inclusiva em tempos de sindemia,mediacao pedagogica,tecnologias da informacao e comunicacao,educacao inclusiva,sindemia,desenho universal para aprendizagem
eixo tematico 2  o professor a docencia e as suas praticas pedagogicas no contexto das tdic,reflexoes sobre o uso das tdic e a pratica dos docentes no ambito da pandemia,ensino,docente,tdic,formacao,covid19
eixo tematico 2  o professor a docencia e as suas praticas pedagogicas no contexto das tdic,reflexoes sobre os conceitos de vygotsky no seculo xxi a formacao docente o uso de ferramentas digitais e o sociointeracionismo nos espacos virtuais,aprendizagem mediada,formacao de professore,letramento digital,nd,nd
eixo tematico 2  o professor a docencia e as suas praticas pedagogicas no contexto das tdic,relato de experiencia com tarefas de calculo mental no programa residencia pedagogica,praticas pedagogicas,educacao basica,ensino remoto,residencia pedagogica,nd
eixo tematico 2  o professor a docencia e as suas praticas pedagogicas no contexto das tdic,relato de experiencia da formacao para o uso do moodle pelos docentes de cursos presenciais quebrando resistencias,educacao a distancia,ensino remoto emergencial,plataforma moodle,formacao continuada de docentes,ensino superior
eixo tematico 2  o professor a docencia e as suas praticas pedagogicas no contexto das tdic,retorno do ensino remoto emergencial para o presencial na educacao profissional e tecnologica,docencia,praticas pedagogicas,gestao da sala de aula,tecnologias digitais,ensino presencial
eixo tematico 2  o professor a docencia e as suas praticas pedagogicas no contexto das tdic,reverberacoes do ambiente remoto apropriacao das tecnologias e competencias desenvolvidas na jornada de aprendizagem,competencias,jornada,ambiente remoto,tecnologias,nd
eixo tematico 2  o professor a docencia e as suas praticas pedagogicas no contexto das tdic,rodas de conversas sobre letramento midiatico identidades e praticas docentes pelo olhar de um grupo de pedagogas













pedagogia,letramento midiatico,epresentacoes sociais,curso online
eixo tematico 2  o professor a docencia e as suas praticas pedagogicas no contexto das tdic,tecnologias de informacao e comunicacao  tics nas praticas educacionais um estudo a partir da otica dos docentes de ciencias contabeis frente ao ensino remoto
tecnologias de informacao e comunicacao  tics,ensino remoto emergencial,contabilidade,nd
eixo tematico 2  o professor a docencia e as suas praticas pedagogicas no contexto das tdic,tpack na formacao de professores de portugues como lingua adicional,tpack,formacao de professores de linguas,portugues como lingua adicional,nd,nd
eixo tematico 2  o professor a docencia e as suas praticas pedagogicas no contexto das tdic,transformacao pelo estagio supervisionado antes e durante o periodo pandemico em um curso de licenciatura a distancia,ensino remoto emergencial,planejamento didatico,desempenho academico,nd,nd
eixo tematico 2  o professor a docencia e as suas praticas pedagogicas no contexto das tdic,transformacoes da jornada de trabalho em tempos de cultura digital um olhar sobre a jornada da ansiedade,teletrabalho,jornada de trabalho,idademidia,culturadigital,nd
eixo tematico 2  o professor a docencia e as suas praticas pedagogicas no contexto das tdic,uma analise critica sobre o ensino remoto emergencial na educacao basica,ensino remoto,tecnologia,professor,educacao basica,nd
eixo tematico 2  o professor a docencia e as suas praticas pedagogicas no contexto das tdic,uma analise dos metodos de avaliacao de aprendizagem na metodologia remoto emergencial no curso de licenciatura em informatica ifpi  campus teresina zona sul,ensino remoto,avaliacao,pandemia,nd,nd
eixo tematico 2  o professor a docencia e as suas praticas pedagogicas no contexto das tdic,uma experiencia inovadora na formacao de professores para a educacao profissional e tecnologica no ifmt,docencia,educacao profissional e tecnologica,ensino superior,especializacao,comunidades de pratica
eixo tematico 2  o professor a docencia e as suas praticas pedagogicas no contexto das tdic,uma rede de apoio a professores de lingua estrangeira caracteristicas e organizacao











ensino de linguas,formacao de professores,nd,nd
eixo tematico 2  o professor a docencia e as suas praticas pedagogicas no contexto das tdic,um debate simulado sobre o uso de calculadoras eletronicas nas aulas de matematica da educacao basica















calculadoras eletronicas,educacao matematica,controversia controlada,tecnologias digitais de informacao e comunicacao
eixo tematico 2  o professor a docencia e as suas praticas pedagogicas no contexto das tdic,uso das tecnologias digitais da informacao e comunicacao no ensino fundamental durante a pandemia da covid19,tecnologias digitais da informacao e comunicacao,professor,pandemia,nd,nd
eixo tematico 2  o professor a docencia e as suas praticas pedagogicas no contexto das tdic,uso de jogos digitais no ensino de matematica um relato de experiencia da mostra de oficinas da lmateadufr,jogos digitais,educacao matematica,formacao de professores,relato de experiencia,nd
eixo tematico 2  o professor a docencia e as suas praticas pedagogicas no contexto das tdic,videos educacionais em parasitologia proposta de um protocolo de avaliacao,parasitologia,materiais didaticos,instrumento de avaliacao,avaliacao de materiais didaticos online,ensino
eixo tematico 2  o professor a docencia e as suas praticas pedagogicas no contexto das tdic,vieses codificados apontamentos a partir da revisao sistematica sobre inteligencia artificial,docencia universitaria,inteligencia artificial,automacao,educacao,algoritimo
eixo tematico 2  o professor a docencia e as suas praticas pedagogicas no contexto das tdic,vulnerabilidades nas escolas paulistas desigualdades socioeconomicas e o uso das tdic,vulnerabilidades,escolas paulistas,desigualdades socioeconomicas,tecnologias,nd
